turn,pct_explored,0x0,0x1,0x2,0x3,0x4
0,0,25,28,3,17,34
1,27.77777777777778,23,29,2,15,33
2,41.66666666666667,24,27,1,14,22
3,50.0,23,31,2,13,21
4,58.333333333333336,25,27,5,12,20
5,66.66666666666666,26,29,4,11,14
6,72.22222222222221,25,35,3,9,15
7,77.77777777777779,23,30,2,7,14
8,80.55555555555556,24,35,1,8,13
9,86.11111111111111,23,29,2,10,16
10,88.88888888888889,24,28,5,8,19
11,97.22222222222221,23,36,6,10,32
12,100.0,24,28,7,8,18
