turn,pct_explored
0,1.0309278350515463
1,2.0618556701030926
2,3.0927835051546393
3,4.123711340206185
4,5.154639175257731
5,6.185567010309279
6,7.216494845360824
7,8.24742268041237
8,9.278350515463918
9,10.309278350515463
10,10.309278350515463
11,10.309278350515463
12,10.309278350515463
13,10.309278350515463
14,11.34020618556701
15,12.371134020618557
16,12.371134020618557
17,12.371134020618557
18,12.371134020618557
19,12.371134020618557
20,13.402061855670103
21,14.432989690721648
22,15.463917525773196
23,16.49484536082474
24,16.49484536082474
25,17.525773195876287
26,18.556701030927837
27,19.587628865979383
28,20.618556701030926
29,20.618556701030926
30,20.618556701030926
31,20.618556701030926
32,20.618556701030926
33,20.618556701030926
34,20.618556701030926
35,20.618556701030926
36,20.618556701030926
37,20.618556701030926
38,20.618556701030926
39,20.618556701030926
40,20.618556701030926
41,21.649484536082475
42,21.649484536082475
43,21.649484536082475
44,21.649484536082475
45,21.649484536082475
46,21.649484536082475
47,21.649484536082475
48,21.649484536082475
49,21.649484536082475
50,21.649484536082475
51,21.649484536082475
52,21.649484536082475
53,21.649484536082475
54,21.649484536082475
55,21.649484536082475
56,21.649484536082475
57,21.649484536082475
58,21.649484536082475
59,21.649484536082475
60,21.649484536082475
61,21.649484536082475
62,21.649484536082475
63,21.649484536082475
64,21.649484536082475
65,21.649484536082475
66,21.649484536082475
67,21.649484536082475
68,21.649484536082475
69,21.649484536082475
70,21.649484536082475
71,21.649484536082475
72,21.649484536082475
73,21.649484536082475
74,21.649484536082475
75,21.649484536082475
76,21.649484536082475
77,21.649484536082475
78,21.649484536082475
79,21.649484536082475
80,21.649484536082475
81,21.649484536082475
82,21.649484536082475
83,21.649484536082475
84,21.649484536082475
85,21.649484536082475
86,21.649484536082475
87,21.649484536082475
88,21.649484536082475
89,21.649484536082475
90,21.649484536082475
91,21.649484536082475
92,21.649484536082475
93,21.649484536082475
94,21.649484536082475
95,21.649484536082475
96,21.649484536082475
97,21.649484536082475
98,21.649484536082475
99,21.649484536082475
