turn,pct_explored,0x0,0x1,0x2,0x3,0x4
0,0,25,28,3,17,34
1,27.77777777777778,23,29,2,15,33
2,41.66666666666667,24,27,1,14,22
3,50.0,23,31,2,13,21
4,58.333333333333336,25,27,5,12,20
5,66.66666666666666,26,29,4,11,14
6,72.22222222222221,25,35,3,9,13
7,80.55555555555556,23,30,2,7,16
8,86.11111111111111,24,35,5,8,19
9,94.44444444444444,23,29,6,10,32
10,97.22222222222221,25,28,7,8,18
11,100.0,31,36,6,10,17